date,original_value,rolling_7d_mean,rolling_7d_std,rolling_30d_mean,rolling_30d_min,rolling_30d_max,rolling_7d_centered,expanding_mean,ewm_span_7,ewm_span_30,ewm_alpha_0.3,rolling_7d_range,rolling_7d_min_periods
2023-01-01,98.66786460722943,98.66786460722943,,98.66786460722943,98.66786460722943,98.66786460722943,98.68740210903398,98.66786460722943,98.66786460722943,98.66786460722943,98.66786460722943,0.0,
2023-01-02,98.65034700876636,98.65910580799789,0.012386812663336695,98.65910580799789,98.65034700876636,98.66786460722943,98.67027503780237,98.65910580799789,98.66348520761366,98.66673443958666,98.6626093276905,0.01751759846307266,
2023-01-03,98.73424580873436,98.68415247491005,0.044257464163727125,98.68415247491005,98.65034700876636,98.73424580873436,98.67211985155252,98.68415247491005,98.68117535789384,98.67109001178974,98.68410027200365,0.0838987999679972,98.68415247491005
2023-01-04,98.69715101140577,98.68740210903398,0.03671588090404461,98.68740210903398,98.65034700876636,98.73424580873436,98.67918593602208,98.68740210903398,98.68516927127182,98.67277136660368,98.68801549382428,0.0838987999679972,98.68740210903398
2023-01-05,98.60176675287592,98.67027503780237,0.04977674936939644,98.67027503780237,98.60176675287592,98.73424580873436,98.68882887490642,98.67027503780237,98.66431864167285,98.66819042378255,98.66214087153976,0.13247905585843966,98.67027503780237
2023-01-06,98.68134392030338,98.67211985155252,0.04475041730379526,98.67211985155252,98.60176675287592,98.73424580873436,98.70127235720288,98.67211985155252,98.66857496133048,98.66903903646131,98.66790178616884,0.13247905585843966,98.67211985155252
2023-01-07,98.72158244283928,98.67918593602208,0.044925939672985464,98.67918593602208,98.60176675287592,98.73424580873436,98.70431044727005,98.67918593602208,98.68182683170768,98.672428933647,98.68400598316997,0.13247905585843966,98.67918593602208
2023-01-08,98.73536517941994,98.68882887490642,0.04913768300031959,98.6862083414468,98.60176675287592,98.73536517941994,98.70536725614215,98.6862083414468,98.69521141863575,98.6764893366001,98.69941374204495,0.13359842654402598,98.68882887490642
2023-01-09,98.73745138484152,98.70127235720288,0.048796318223426,98.6919020129351,98.60176675287592,98.73745138484152,98.72921661236191,98.6919020129351,98.7057714101872,98.68042237197052,98.71082503488391,0.13568463196560288,98.70127235720288
2023-01-10,98.75551243920452,98.70431044727005,0.05176326252569312,98.69826305556205,98.60176675287592,98.75551243920452,98.74951086767699,98.69826305556205,98.71820666744154,98.68526689243724,98.72423125618009,0.1537456863286053,98.70431044727005
2023-01-11,98.70454867351047,98.70536725614215,0.05166816137417143,98.69883447537553,98.60176675287592,98.75551243920452,98.76371568935063,98.69883447537553,98.71479216895877,98.68651087831294,98.7183264813792,0.1537456863286053,98.70536725614215
2023-01-12,98.76871224641425,98.72921661236191,0.029764560497326308,98.7046576229621,98.60176675287592,98.76871224641425,98.7584471483532,98.7046576229621,98.72827218832263,98.691814192384,98.7334422108897,0.08736832611087664,98.72921661236191
2023-01-13,98.82340370750879,98.74951086767699,0.03875562545255717,98.713791937158,98.60176675287592,98.82340370750879,98.76712543278326,98.713791937158,98.75205506811918,98.7003038385211,98.76043065987542,0.11885503399831521,98.74951086767699
2023-01-14,98.82101619455494,98.76371568935063,0.04459552887128388,98.72145081268636,98.60176675287592,98.82340370750879,98.75107083441773,98.72145081268636,98.76929534972811,98.70809173245877,98.77860632027928,0.11885503399831521,98.76371568935063
2023-01-15,98.69848539243785,98.7584471483532,0.050314849902333106,98.71991978466978,98.60176675287592,98.82340370750879,98.75859808386178,98.71991978466978,98.75159286040554,98.70747196858646,98.75457004192684,0.12491831507094275,98.7584471483532
2023-01-16,98.79819937585202,98.76712543278326,0.05131883001605715,98.72481225911868,98.60176675287592,98.82340370750879,98.76633314674746,98.72481225911868,98.76324448926715,98.71332534970037,98.76765884210438,0.12491831507094275,98.76712543278326
2023-01-17,98.64313025064583,98.75107083441773,0.0698061918910605,98.72000743509086,98.60176675287592,98.82340370750879,98.77190801844581,98.72000743509086,98.73321592961182,98.70879663363235,98.73030026466681,0.18027345686296314,98.75107083441773
2023-01-18,98.7572394196188,98.75859808386178,0.06672649418402078,98.72207587867575,98.60176675287592,98.82340370750879,98.76546096885356,98.72207587867575,98.73922180211356,98.71192197466374,98.7383820111524,0.18027345686296314,98.75859808386178
2023-01-19,98.8228576866139,98.76633314674746,0.07109000402464842,98.7273801843567,98.60176675287592,98.82340370750879,98.77683874664588,98.7273801843567,98.76013077323864,98.7190791173702,98.76372471379084,0.18027345686296314,98.76633314674746
2023-01-20,98.86242780939725,98.77190801844581,0.07754817100394429,98.73413256560873,98.60176675287592,98.86242780939725,98.78513065247712,98.73413256560873,98.78570503227829,98.72832742008163,98.79333564247275,0.2192975587514212,98.77190801844581
2023-01-21,98.77588684740927,98.76546096885356,0.07460516060834424,98.73612086474209,98.60176675287592,98.86242780939725,98.81846062440596,98.73612086474209,98.78325048606104,98.7313957702318,98.7881010039537,0.2192975587514212,98.76546096885356
2023-01-22,98.77812983698406,98.77683874664588,0.06851298602872646,98.73803036348036,98.60176675287592,98.86242780939725,98.82635320594818,98.73803036348036,98.7819703237918,98.73441087131259,98.7851096538628,0.2192975587514212,98.77683874664588
2023-01-23,98.85624271667066,98.78513065247712,0.07475693901666892,98.74317003101038,98.60176675287592,98.86242780939725,98.83963717041716,98.74317003101038,98.80053842201151,98.74227099036796,98.80644957270516,0.2192975587514212,98.78513065247712
2023-01-24,98.87644005414776,98.81846062440596,0.04818139872505088,98.7487229486411,98.60176675287592,98.87644005414776,98.8379354765706,98.7487229486411,98.81951383004558,98.75092705899891,98.82744671713793,0.11920063452896557,98.81846062440596
2023-01-25,98.81248749041436,98.82635320594818,0.040373827349121295,98.75127353031203,98.60176675287592,98.87644005414776,98.85561114895245,98.75127353031203,98.81775724513777,98.75489869973539,98.82295894912085,0.10055320673849621,98.82635320594818
2023-01-26,98.91584543789682,98.83963717041716,0.0525066195010055,98.75760321906529,98.60176675287592,98.91584543789682,98.875485332086,98.75760321906529,98.84227929332754,98.76528236026193,98.85082489575363,0.13995859048755221,98.83963717041716
2023-01-27,98.85051595247131,98.8379354765706,0.051833603786169226,98.76104443141367,98.60176675287592,98.91584543789682,98.87936414164518,98.76104443141367,98.84433845811348,98.7707813016948,98.85073221276893,0.13995859048755221,98.8379354765706
2023-01-28,98.89961655408214,98.85561114895245,0.04811072657925914,98.76599343579468,98.60176675287592,98.91584543789682,98.87395177394009,98.76599343579468,98.85815798210565,98.77909325346172,98.8653975151629,0.13771560091275603,98.85561114895245
2023-01-29,98.91724911891896,98.875485332086,0.038554843237862846,98.77120914900586,98.60176675287592,98.91724911891896,98.88711716811108,98.77120914900586,98.87293076630898,98.78800653510413,98.88095299628971,0.10476162850460469,98.875485332086
2023-01-30,98.88339438358491,98.87936414164518,0.037651503566686215,98.77494865682516,98.60176675287592,98.91724911891896,98.8851626627014,98.77494865682516,98.87554667062797,98.79416058984484,98.88168541247826,0.10476162850460469,98.87936414164518
2023-01-31,98.83855348021208,98.87395177394009,0.04073842996213875,98.78063828592458,98.60176675287592,98.91724911891896,98.89701113348467,98.77700042532152,98.866298373024,98.79702464728788,98.86874583279841,0.10476162850460469,98.87395177394009
2023-02-01,98.90464524961129,98.88711716811108,0.03138114117424191,98.78911489395274,98.60176675287592,98.91724911891896,98.90178322385893,98.78098932608057,98.87588509217082,98.80396791195392,98.87951565784226,0.07869563870687557,98.88711716811108
2023-02-02,98.90216390002908,98.8851626627014,0.02967323750772939,98.79471216366257,98.60176675287592,98.91724911891896,98.89659561679896,98.78466128286688,98.88245479413538,98.81030313699104,98.8863101304983,0.07869563870687557,98.8851626627014
2023-02-03,98.93345524795433,98.89701113348467,0.03008898355009121,98.80258897154752,98.60176675287592,98.93345524795433,98.90451583565105,98.78903757595769,98.89520490759011,98.81824843447255,98.9004536657351,0.09490176774224324,98.89701113348467
2023-02-04,98.93302118670172,98.90178322385893,0.033072161951533355,98.81363078600839,98.64313025064583,98.93345524795433,98.92526907534727,98.79315139340753,98.90465897736802,98.82565312816476,98.91022392202508,0.09490176774224324,98.90178322385893
2023-02-05,98.88093586949931,98.89659561679896,0.03308989468508246,98.8202838509816,98.64313025064583,98.93345524795433,98.92779004602777,98.79558985107674,98.89872820040084,98.82921975663797,98.90143750626734,0.09490176774224324,98.89659561679896
2023-02-06,98.93883591554953,98.90451583565105,0.03591774861896065,98.82752563340524,98.64313025064583,98.93883591554953,98.93577580239216,98.79946136633275,98.90875512918801,98.83629176689033,98.912657029052,0.10028243533744785,98.90451583565105
2023-02-07,98.98382615808573,98.92526907534727,0.033328476811729894,98.83580766602745,98.64313025064583,98.98382615808573,98.94890845290801,98.80431307137889,98.92752288641245,98.8458101147094,98.93400776776211,0.10289028858642268,98.92526907534727
2023-02-08,98.92229204437459,98.92779004602777,0.03215524237394083,98.84196902134522,98.64313025064583,98.98382615808573,98.96045883319991,98.80733817325059,98.92621517590298,98.85074443275232,98.93049305074585,0.10289028858642268,98.92779004602777
2023-02-09,98.9580641945799,98.93577580239216,0.031668007651233815,98.8487207465244,98.64313025064583,98.98382615808573,98.97581392024381,98.81110632378382,98.93417743057222,98.8576682883541,98.93876439389607,0.10289028858642268,98.93577580239216
2023-02-10,99.02538380156535,98.94890845290801,0.046249539146379304,98.85941525079289,98.64313025064583,99.02538380156535,98.9846506984575,98.8163326037297,98.9569790233205,98.86848864404516,98.96475021619685,0.14444793206604345,98.94890845290801
2023-02-11,99.01387384874495,98.96045883319991,0.05142686986074441,98.86758730420391,98.64313025064583,99.02538380156535,98.99116151465007,98.82103596670625,98.9712027296766,98.87786833467095,98.97948730596127,0.14444793206604345,98.96045883319991
2023-02-12,98.98842147880661,98.97581392024381,0.038026075634058486,98.87308789658051,98.64313025064583,99.02538380156535,99.00925628986613,98.82492865303418,98.9755074169591,98.88500079558294,98.98216755781486,0.10309175719076791,98.97581392024381
2023-02-13,99.00069336304536,98.9846506984575,0.0350734654388063,98.87907713553018,98.64313025064583,99.02538380156535,99.02212995395105,98.82892330553442,98.98180390348067,98.89246483219343,98.98772529938401,0.10309175719076791,98.9846506984575
2023-02-14,99.02940187143363,98.99116151465007,0.038914736691868734,98.89010768483006,98.64313025064583,99.02940187143363,99.01309120568986,98.83337838477664,98.99370339546891,98.90129947988635,99.00022827099889,0.10710982705904826,98.99116151465007
2023-02-15,99.04895547088717,99.00925628986613,0.02997591144417343,98.89846622133123,98.64313025064583,99.04895547088717,99.01735080590183,98.83806484317034,99.00751641432348,98.91082567285414,99.01484643096536,0.09089127630726068,99.00925628986613
2023-02-16,99.04817984317424,99.02212995395105,0.022824056734759058,98.9119678744155,98.7572394196188,99.04895547088717,99.02296884261625,98.84253537508532,99.01768227153616,98.91968723222963,99.02484645462802,0.06053399208055055,99.02212995395105
2023-02-17,98.96211256373707,99.01309120568986,0.03200320871383044,98.91879697921945,98.77588684740927,99.04895547088717,99.0307324379953,98.84502656651556,99.00378984458638,98.92242435039141,99.00602628736073,0.08684290715009979,99.01309120568986
2023-02-18,99.04369105022873,99.01735080590183,0.03404399312109921,98.92615809133993,98.77588684740927,99.04895547088717,99.0316360233381,98.84908094373421,99.01376514599697,98.93024800844543,99.01732571622112,0.08684290715009979,99.01735080590183
2023-02-19,99.02774773580757,99.02296884261625,0.031633881191394306,98.93166875555362,98.77588684740927,99.04895547088717,99.02792423843734,98.85265427957566,99.01726079344962,98.93653831343654,99.02045232209704,0.08684290715009979,99.02296884261625
2023-02-20,99.05503853069862,99.0307324379953,0.031923263843445626,98.94097381166327,98.77812983698406,99.05503853069862,99.02157049129323,98.85662259822513,99.02670522776188,98.94418348874378,99.03082818467752,0.09292596696155897,99.0307324379953
2023-02-21,99.03572696883332,99.0316360233381,0.031968808527803864,98.9495603827249,98.81248749041436,99.05503853069862,99.0300052237465,98.86006691304452,99.02896066302974,98.9500895197173,99.03229781992425,0.09292596696155897,99.0316360233381
2023-02-22,99.02297297658183,99.02792423843734,0.031119854321032918,98.95511805805526,98.81248749041436,99.05503853069862,99.0436119425277,98.86314061235655,99.02746374141776,98.9547916782247,99.02950036692152,0.09292596696155897,99.02792423843734
2023-02-23,99.00370361316553,99.02157049129323,0.030834046235926192,98.9593601766892,98.81248749041436,99.05503853069862,99.05164606481344,98.86574363089004,99.02152370935471,98.95794728693056,99.02176134079471,0.09292596696155897,99.02157049129323
2023-02-24,99.02115569090992,99.0300052237465,0.016690038809881454,98.9663157833724,98.83855348021208,99.05503853069862,99.0488530360477,98.86856930470859,99.02143170474352,98.96202524847762,99.02157964582926,0.05133491753309727,99.0300052237465
2023-02-25,99.1389380816971,99.0436119425277,0.04482263285384221,98.97375220483241,98.83855348021208,99.1389380816971,99.05707958056436,98.87339731858337,99.05080829898192,98.97343897965307,99.05678717658961,0.1352344685315785,99.0436119425277
2023-02-26,99.08398659180777,99.05164606481344,0.04651347456923216,98.98153455947694,98.83855348021208,99.1389380816971,99.07468053764556,98.87709186723644,99.05910287218839,98.98057108366305,99.06494700115505,0.1352344685315785,99.05164606481344
2023-02-27,99.0354873293384,99.0488530360477,0.04686151359516998,98.98606358531882,98.83855348021208,99.1389380816971,99.08082122882372,98.87982282347957,99.05319898647589,98.98411406725502,99.05610909961004,0.1352344685315785,99.0488530360477
2023-02-28,99.09331278045003,99.05707958056436,0.04917087845394175,98.99193237403652,98.83855348021208,99.1389380816971,99.08077586623945,98.88344129732653,99.06322743496943,98.99115914552567,99.06727020386204,0.1352344685315785,99.05707958056436
2023-03-01,99.14617967615015,99.07468053764556,0.05644121203304184,99.0006918837887,98.83855348021208,99.14617967615015,99.08616869999345,98.88782027030693,99.08396549526461,99.0011604700821,99.09094304554847,0.14247606298462756,99.07468053764556
2023-03-02,99.04668845141258,99.08082122882372,0.04932129181966965,99.00762971616204,98.88093586949931,99.14617967615015,99.0827887026484,98.8904246667185,99.0746462343016,99.00409775920019,99.0776666673077,0.12502398524023306,99.08082122882372
2023-03-03,99.02083815282002,99.08077586623945,0.04938541881389076,99.01150281293567,98.88093586949931,99.14617967615015,99.0936117486076,98.89252811004272,99.0611942139312,99.00517778459502,99.0606181129614,0.12534152333013537,99.08077586623945
2023-03-04,99.17668791797523,99.08616869999345,0.05808932391653067,99.02065361353388,98.88093586949931,99.17668791797523,99.10045872829299,98.8970385831845,99.0900676399422,99.01624295449052,99.09543905446553,0.1558497651552102,99.08616869999345
2023-03-05,99.0603266103925,99.0827887026484,0.05891985890869033,99.02488265894847,98.88093586949931,99.17668791797523,99.10023249682573,98.89958995860962,99.08263238255478,99.0190870613229,99.08490532124361,0.1558497651552102,99.0827887026484
2023-03-06,99.1112486510527,99.0936117486076,0.055650515304951645,99.03082357442685,98.88093586949931,99.17668791797523,99.10714183043368,98.90284624618567,99.08978644967925,99.02503297033773,99.09280832018634,0.1558497651552102,99.0936117486076
2023-03-07,99.14124163824776,99.10045872829299,0.05848394111738552,99.03950043338513,98.92229204437459,99.17668791797523,99.12174766635484,98.90645829758056,99.10265024682138,99.03253030375129,99.10733831560476,0.1558497651552102,99.10045872829299
2023-03-08,99.14459605587926,99.10023249682573,0.05828031194221811,99.04635910472946,98.92229204437459,99.17668791797523,99.11251518260448,98.91001259248053,99.11313669908586,99.03976035227568,99.11851563768711,0.1558497651552102,99.10023249682573
2023-03-09,99.09505378666829,99.10714183043368,0.053549432869455696,99.05006669234886,98.92229204437459,99.17668791797523,99.11655878822951,98.9127337865127,99.10861597098146,99.0433276706236,99.11147708238146,0.1558497651552102,99.10714183043368
2023-03-10,99.12307900426813,99.12174766635484,0.037677593260323675,99.05675959101198,98.9580641945799,99.17668791797523,99.12306295148433,98.91578226792944,99.11223172930313,99.04847291795551,99.11495765894745,0.11636130758273566,99.12174766635484
2023-03-11,99.11206053172263,99.11251518260448,0.028856958257367737,99.06189280225007,98.96211256373707,99.17668791797523,99.12523349908913,98.9185862431265,99.112188929908,99.05257534465017,99.11408852078,0.08426944548676829,99.11251518260448
2023-03-12,99.08863184976774,99.11655878822951,0.02132547589119399,99.0640010705235,98.96211256373707,99.17668791797523,99.11857894227322,98.92098125167074,99.10629965987293,99.05490157078678,99.10645151947632,0.05596420611152553,99.11655878822951
2023-03-13,99.15677779383647,99.12306295148433,0.025890466101046623,99.06876453535988,98.96211256373707,99.17668791797523,99.12256633290875,98.92425620364526,99.11891919336381,99.06147423033838,99.12154940178436,0.06814594406873198,99.12306295148433
2023-03-14,99.15643547148133,99.12523349908913,0.02820218345492521,99.07436500178237,98.96211256373707,99.17668791797523,99.13040379167406,98.92743674156083,99.1282982628932,99.06760076202502,99.13201522269345,0.06814594406873198,99.12523349908913
2023-03-15,99.09801415816806,99.11857894227322,0.028367178627082885,99.07760902828646,98.96211256373707,99.17668791797523,99.13775343999984,98.92974184178524,99.12072723671191,99.0695629166149,99.12181490333583,0.06814594406873198,99.11857894227322
2023-03-16,99.12296552111691,99.12256633290875,0.02640295147238738,99.08072781660923,98.96211256373707,99.17668791797523,99.14171179849392,98.93231815750968,99.12128680781316,99.07300824593761,99.12216008867016,0.06814594406873198,99.12256633290875
2023-03-17,99.17794121562514,99.13040379167406,0.03371159435409133,99.08502734143384,98.96211256373707,99.17794121562514,99.1386896573268,98.9355500398533,99.13545040976615,99.07977811494972,99.13889442675665,0.08930936585740312,99.13040379167406
2023-03-18,99.1635080700033,99.13775343999984,0.03464131999947349,99.08887161566147,98.96211256373707,99.17794121562514,99.14778800808529,98.93851053375136,99.14246482482544,99.08518004753383,99.14627851973064,0.08930936585740312,99.13775343999984
2023-03-19,99.11634035922613,99.14171179849392,0.02925757877700181,99.09401254217777,99.00370361316553,99.17794121562514,99.16107105978769,98.94079040330872,99.13593370842561,99.08719039022365,99.13729707157928,0.07992705745708406,99.14171179849392
2023-03-20,99.13562280566669,99.1386896573268,0.028525409002923045,99.0970769340257,99.00370361316553,99.17794121562514,99.1666937394929,98.94325663624996,99.13585598273588,99.09031506218773,99.1367947918055,0.07992705745708406,99.1386896573268
2023-03-21,99.22012392679079,99.14778800808529,0.042070100566716166,99.10348947372515,99.00370361316553,99.22012392679079,99.16414116534496,98.94671747738172,99.1569229687496,99.098689827646,99.16179353230108,0.12210976862273526,99.14778800808529
2023-03-22,99.19099552008478,99.16107105978769,0.03823989385024943,99.10802137337133,99.00370361316553,99.22012392679079,99.16564853347475,98.9497332556867,99.16544110658339,99.1046450336098,99.17055412863618,0.1037835675646619,99.16107105978769
2023-03-23,99.16232427905351,99.1666937394929,0.03440439332831678,99.11224128371204,99.00370361316553,99.22012392679079,99.17756650800119,98.95232582914238,99.16466189970092,99.10836627525133,99.16808517376137,0.1037835675646619,99.1666937394929
2023-03-24,99.16007319658958,99.16414116534496,0.03409225255895403,99.11681129104562,99.00370361316553,99.22012392679079,99.18667883433754,98.95482880947307,99.16351472392309,99.11170220566025,99.16568158060983,0.1037835675646619,99.16414116534496
2023-03-25,99.17405964691181,99.16564853347475,0.03429227430824379,99.12248982550382,99.02083815282002,99.22012392679079,99.18236566161825,98.95743870039496,99.16615095467027,99.11572526638616,99.16819500050042,0.1037835675646619,99.16564853347475
2023-03-26,99.1997661809111,99.17756650800119,0.02826721146654646,99.12844350850385,99.02083815282002,99.22012392679079,99.17960969450111,98.96028961193045,99.17455476123048,99.12114726087165,99.17766635462361,0.0845011211241058,99.17756650800119
2023-03-27,99.19940909002136,99.18667883433754,0.02210126033181822,99.13045920878133,99.02083815282002,99.22012392679079,99.18150516609401,98.96307007097802,99.1807683434282,99.12619641113938,99.18418917524293,0.06005073020121188,99.18667883433754
2023-03-28,99.18993171775558,99.18236566161825,0.016795719090031094,99.1339907129796,99.02083815282002,99.22012392679079,99.17626983134109,98.9656776761134,99.18305918701004,99.13030836640495,99.18591193799672,0.03969298432151902,99.18236566161825
2023-03-29,99.17170375026491,99.17960969450111,0.016726284164980714,99.13853126034381,99.02083815282002,99.22012392679079,99.16626128413118,98.96801888150148,99.18022032782376,99.1329790363314,99.18164948167717,0.03969298432151902,99.17960969450111
2023-03-30,99.17559258020373,99.18150516609401,0.015115187858420014,99.1412739203356,99.02083815282002,99.22012392679079,99.15114205049947,98.97035117025095,99.17906339091876,99.1357282972264,99.17983241123513,0.03969298432151902,99.18150516609401
2023-03-31,99.12342585331913,99.17626983134109,0.026117776735743847,99.14051545957457,99.02083815282002,99.22012392679079,99.14462847467306,98.97205200006282,99.16515400651885,99.13493459116786,99.16291044386033,0.0763403275919643,99.17626983134109
2023-04-01,99.10399981644237,99.16626128413118,0.0378807395809234,99.1424258384089,99.02083815282002,99.22012392679079,99.13630502568785,98.97350197606697,99.14986545899973,99.1329387992501,99.14523725563494,0.0957663644687301,99.16626128413118
2023-04-02,99.09393154548928,99.15114205049947,0.04304760347895849,99.1448622848312,99.0603266103925,99.22012392679079,99.12931699465432,98.97481099312593,99.13588198062212,99.13042220223328,99.12984554259124,0.10547754453207858,99.15114205049947
2023-04-03,99.15381405923641,99.14462847467306,0.03763646907776179,99.14409982287323,99.0603266103925,99.22012392679079,99.14346138933739,98.97673575727765,99.1403650002757,99.131931354298,99.13703609758478,0.09600017226630086,99.14462847467306
2023-04-04,99.13166757485901,99.13630502568785,0.03196264824493073,99.14647785502213,99.08863184976774,99.22012392679079,99.14979656072181,98.97838396810297,99.13819064392152,99.13191433626969,99.13542554076705,0.0816610347144433,99.13630502568785
2023-04-05,99.12278753303028,99.12931699465432,0.02804012053872996,99.14686248442139,99.08863184976774,99.22012392679079,99.16007257389258,98.97990400562853,99.1343398661987,99.13132551025424,99.131634138446,0.0816610347144433,99.12931699465432
2023-04-06,99.27460334298529,99.14346138933739,0.06094223500676096,99.1513078745793,99.08863184976774,99.27460334298529,99.1757077463373,98.98297379039265,99.16940573539534,99.14056924139818,99.17452489980778,0.1806717974960037,99.14346138933739
2023-04-07,99.16777205301001,99.14979656072181,0.06081718635261482,99.152080407817,99.08863184976774,99.27460334298529,99.1713219805328,98.98487892712069,99.16899731479901,99.14232426150218,99.17249904576845,0.1806717974960037,99.14979656072181
2023-04-08,99.17593190863784,99.16007257389258,0.05779117642049147,99.15477634521598,99.08863184976774,99.27460334298529,99.17662959216308,98.98682844734024,99.17073096325872,99.14449249680126,99.17352890462926,0.1806717974960037,99.16007257389258
2023-04-09,99.20337775260231,99.1757077463373,0.05136213419694493,99.15745297016045,99.08863184976774,99.27460334298529,99.1807930894446,98.98901581406005,99.17889266059461,99.14829154556263,99.18248355902118,0.15181580995501065,99.1757077463373
2023-04-10,99.12311369860483,99.1713219805328,0.05474268399484922,99.15782140905652,99.08863184976774,99.27460334298529,99.16376188311237,98.99035679290552,99.16494792009716,99.14666716833955,99.16467260089627,0.15181580995501065,99.1713219805328
2023-04-11,99.16882085627108,99.17662959216308,0.05198903289872074,99.16049437593998,99.09393154548928,99.27460334298529,99.16044418219256,98.99212376382991,99.16591615414065,99.14809643852868,99.16591707750871,0.15181580995501065,99.17662959216308
2023-04-12,99.15193201400102,99.1807930894446,0.047970159680409394,99.16033284994546,99.09393154548928,99.27460334298529,99.15854103796774,98.99369051138062,99.16242011910575,99.14834389501077,99.16172155845639,0.15148964438046164,99.1807930894446
2023-04-13,99.1553848986595,99.16376188311237,0.02456825826232825,99.16029783085138,99.09393154548928,99.27460334298529,99.15724284567843,98.9952603598008,99.16066131399418,99.1487981533107,99.15982056051732,0.08026405399748171,99.16376188311237
2023-04-14,99.14454814657132,99.16044418219256,0.025487356727644857,99.16184896379816,99.09393154548928,99.27460334298529,99.1585170270815,98.99669581928899,99.15663302213846,99.14852395932752,99.15523883633351,0.08026405399748171,99.16044418219256
2023-04-15,99.162609899064,99.15854103796774,0.024620787529079795,99.16317044306307,99.09393154548928,99.27460334298529,99.1654705962417,98.99827595338208,99.15812724136984,99.1494327296331,99.15745015515265,0.08026405399748171,99.15854103796774
2023-04-16,99.19429040657728,99.15724284567843,0.021958249495848993,99.16371541609482,99.09393154548928,99.27460334298529,99.16739593861065,99.00012514633674,99.1671680326717,99.15232677330692,99.16850223058003,0.07117670797245523,99.15724284567843
2023-04-17,99.13203296842632,99.1585170270815,0.019800516781520568,99.16266624604224,99.09393154548928,99.27460334298529,99.16887749783633,99.00135792972077,99.15838426661035,99.1510174955727,99.15756145193392,0.06225743815096507,99.1585170270815
2023-04-18,99.21749584039249,99.1654705962417,0.029961724038170424,99.16603809541445,99.09393154548928,99.27460334298529,99.16177482692079,99.00335920667142,99.17316216005588,99.15530642104495,99.17554176847148,0.08546287196617186,99.1654705962417
2023-04-19,99.16540941058366,99.16739593861065,0.029374000340353368,99.16703098224502,99.09393154548928,99.27460334298529,99.16113472622798,99.00484590578988,99.17122397268783,99.15595822682165,99.17250206110512,0.08546287196617186,99.16739593861065
2023-04-20,99.16575581323931,99.16887749783633,0.02892533832219846,99.1652187117933,99.09393154548928,99.27460334298529,99.15652621874754,99.00630872313033,99.1698569328257,99.15659032917118,99.17047818674537,0.08546287196617186,99.16887749783633
2023-04-21,99.09482945016246,99.16177482692079,0.039912637252534605,99.16201317612924,99.09393154548928,99.27460334298529,99.15928592516262,99.00710620715765,99.15110006215988,99.15260575633191,99.1477835657705,0.12266639023002313,99.16177482692079
2023-04-22,99.15812919421438,99.16113472622798,0.03993293725064063,99.16187333996793,99.09393154548928,99.27460334298529,99.15336509005007,99.00845462668494,99.15285734517352,99.15296210716303,99.15088725430365,0.12266639023002313,99.16113472622798
2023-04-23,99.1620308542142,99.15652621874754,0.037239478116517476,99.16193859522208,99.09393154548928,99.27460334298529,99.15941585538022,99.0098137083445,99.15515072243369,99.15354718761796,99.1542303342768,0.12266639023002313,99.15652621874754
2023-04-24,99.15135091333183,99.15928592516262,0.03581020571640931,99.16118163743609,99.09393154548928,99.27460334298529,99.1464813720078,99.01105526277419,99.15420077015823,99.15340549250273,99.1533665079933,0.12266639023002313,99.15928592516262
2023-04-25,99.17604999460471,99.15336509005007,0.02689941379439003,99.16039109789253,99.09393154548928,99.27460334298529,99.15882338818832,99.01248999957272,99.15966307626985,99.15486642812222,99.16017155397671,0.08122054444224602,99.15336509005007
2023-04-26,99.20776476789466,99.15941585538022,0.03391029278307995,99.1606696204883,99.09393154548928,99.27460334298529,99.16100390547284,99.01417340274791,99.17168849917606,99.15827922423658,99.17444951815209,0.11293531773219456,99.15941585538022
2023-04-27,99.07521442963238,99.1464813720078,0.04614835994077695,99.15684571088421,99.07521442963238,99.27460334298529,99.15477247512779,99.01469512092642,99.14756998179014,99.15292020522986,99.14467899159617,0.13255033826227702,99.1464813720078
2023-04-28,99.1812235634261,99.15882338818832,0.041333699007320285,99.15716303798959,99.07521442963238,99.27460334298529,99.14566223667576,99.0161063789137,99.15598337719914,99.1547462283393,99.15564236314513,0.13255033826227702,99.15882338818832
2023-04-29,99.17339281520603,99.16100390547284,0.04169202911572803,99.15708971248964,99.07521442963238,99.27460334298529,99.129224013323,99.01742811367247,99.16033573670086,99.15594923394362,99.1609674987634,0.13255033826227702,99.16100390547284
2023-04-30,99.11841084179883,99.15477247512779,0.04466663768243992,99.15692254543896,99.07521442963238,99.27460334298529,99.1149756982089,99.01826963640684,99.14985451297535,99.15352740219234,99.14820050167403,0.13255033826227702,99.15477247512779
2023-05-01,99.08757924416761,99.14566223667576,0.05146665460972832,99.15637519302982,99.07521442963238,99.27460334298529,99.1231652956617,99.01884244308255,99.13428569577341,99.14927268231978,99.1300141244221,0.13255033826227702,99.14566223667576
2023-05-02,99.06098243113536,99.129224013323,0.05809280871408938,99.155276889218,99.06098243113536,99.27460334298529,99.10042447062335,99.01918785282069,99.1159598796139,99.14357653708208,99.10930461643608,0.1467823367593013,99.129224013323
2023-05-03,99.10802656209587,99.1149756982089,0.04674082257594493,99.15375063931333,99.06098243113536,99.27460334298529,99.09046081908517,99.01991011874976,99.11397655023438,99.14128299030878,99.108921200134,0.12024113229074374,99.1149756982089
2023-05-04,99.1325416118021,99.1231652956617,0.043524597005470886,99.15377977387811,99.06098243113536,99.27460334298529,99.08852028047036,99.02081843724213,99.11861781562631,99.14071903040514,99.11600732363442,0.12024113229074374,99.1231652956617
2023-05-05,99.02203778815766,99.10042447062335,0.04933277767897351,99.150421449049,99.02203778815766,99.27460334298529,99.08731095876213,99.02082819204945,99.09447280875915,99.1330621760666,99.08781646299138,0.15135502704836767,99.10042447062335
2023-05-06,99.10364725443871,99.09046081908517,0.03784491221133791,99.14472291276412,99.02203778815766,99.21749584039249,99.08371995416542,99.02148548619539,99.09676642017904,99.13116443918739,99.09256570042558,0.11050382364443578,99.09046081908517
2023-05-07,99.10482707149524,99.08852028047036,0.0364971457548631,99.14262474671364,99.02203778815766,99.21749584039249,99.07635992534036,99.0221417191505,99.09878158300809,99.129465254175,99.09624411174647,0.11050382364443578,99.08852028047036
2023-05-08,99.07911399220993,99.08731095876213,0.03667334496621873,99.1393974828327,99.02203778815766,99.21749584039249,99.05717105805324,99.02258681503379,99.09386468530855,99.12621678566113,99.09110507588551,0.11050382364443578,99.08731095876213
2023-05-09,99.03584539895843,99.08371995416542,0.040691626220652546,99.13381307104459,99.02203778815766,99.21749584039249,99.06715688994875,99.02268959475413,99.07935986372101,99.1203863736158,99.07452717280738,0.11050382364443578,99.08371995416542
2023-05-10,99.05650636032038,99.07635992534036,0.04021904399167595,99.1315928264351,99.02203778815766,99.21749584039249,99.0420146419182,99.02294972372003,99.07364648787086,99.11626508243546,99.06912092906127,0.11050382364443578,99.07635992534036
2023-05-11,98.99821954079242,99.05717105805324,0.040982676028843444,99.12590611591914,98.99821954079242,99.21749584039249,99.02486859656801,99.02276094369768,99.05478975110125,99.10864924103915,99.04785051258061,0.10660753070281714,99.05717105805324
2023-05-12,99.09193861142614,99.06715688994875,0.03948395591961646,99.1239063358333,98.99821954079242,99.21749584039249,99.01338102255514,99.02328501693805,99.06407696618248,99.10757113590283,99.06107694223427,0.10660753070281714,99.06715688994875
2023-05-13,98.92765151822498,99.0420146419182,0.06199350804365602,99.11631522315217,98.92765151822498,99.21749584039249,99.01119132407486,99.02256596807554,99.02997060419311,99.0959634186333,99.02104931503148,0.1771755532702599,99.0420146419182
2023-05-14,98.98480475404378,99.02486859656801,0.058207720135927274,99.11099044340123,98.92765151822498,99.21749584039249,99.0057771163034,99.02228416797082,99.01867914165578,99.08879189188559,99.01017594673516,0.16428709320116752,99.02486859656801
2023-05-15,98.99870097411987,99.01338102255514,0.05345911696469682,99.10552681256978,98.92765151822498,99.21749584039249,99.01456981306266,99.02210947764601,99.0136845997718,99.08297957461039,99.00673345495056,0.16428709320116752,99.01338102255514
2023-05-16,99.02051750959654,99.01119132407486,0.05269405549005448,99.0997343826704,98.92765151822498,99.21749584039249,99.00136404000791,99.02209777199857,99.015392827228,99.07894976396435,99.01086867134435,0.16428709320116752,99.01119132407486
2023-05-17,99.01860690592004,99.0057771163034,0.04908550995890937,99.0959535139202,98.92765151822498,99.21749584039249,99.00507831687459,99.02207229122429,99.01619634690101,99.0750566763486,99.01319014171706,0.16428709320116752,99.0057771163034
2023-05-18,99.05976841810735,99.01456981306266,0.05287262498422074,99.09069593317737,98.92765151822498,99.20776476789466,99.00415826753985,99.02234545156402,99.02708936470259,99.07407033710723,99.02716362463414,0.16428709320116752,99.01456981306266
2023-05-19,98.9994982000428,99.00136404000791,0.04040124235163084,99.08516555949267,98.92765151822498,99.20776476789466,99.00467502427485,99.02218108284805,99.02019157353764,99.06925923149018,99.01886399725673,0.13211689988237652,99.00136404000791
2023-05-20,98.9536514562917,99.00507831687459,0.033015012015020044,99.07809541426109,98.92765151822498,99.20776476789466,98.9882361698358,99.0216915855155,99.00355654422616,99.06180066534834,98.99930023496721,0.10611696181565833,99.00507831687459
2023-05-21,98.9783644087006,99.00415826753985,0.03375558278452318,99.07421324621235,98.92765151822498,99.20776476789466,98.97476226188483,99.02138430057354,98.99725851034476,99.0564176810485,98.99301948708722,0.10611696181565833,99.00415826753985
2023-05-22,99.00231827126481,99.00467502427485,0.03368573013135524,99.0690195487807,98.92765151822498,99.20776476789466,98.95973339378517,99.02125003276151,98.99852345057478,99.05292739654634,98.99580912234049,0.10611696181565833,99.00467502427485
2023-05-23,98.9054455285233,98.9882361698358,0.04918032707286134,99.060466704591,98.9054455285233,99.20776476789466,98.96637339546263,99.02044021105355,98.97525397006191,99.04341243731905,98.96870004419533,0.15432288958405138,98.9882361698358
2023-05-24,98.92428955026325,98.97476226188483,0.05229434737159586,99.05289799248871,98.9054455285233,99.20776476789466,98.96753980356421,99.0197724981314,98.96251286511225,99.03572708976706,98.95537689601571,0.15432288958405138,98.97476226188483
2023-05-25,98.9545663414097,98.95973339378517,0.036535263959959076,99.04551520404888,98.9054455285233,99.20776476789466,98.9603369729724,99.01932280049883,98.9605262341866,99.03049091245369,98.9551337296339,0.09687274274151036,98.95973339378517
2023-05-26,99.04597821178503,98.96637339546263,0.047534644444736034,99.04012231884523,98.9054455285233,99.1812235634261,98.94709470743773,99.019505371809,98.98188922858621,99.03149009305571,98.98238707427923,0.14053268326172486,98.96637339546263
2023-05-27,98.96181631300273,98.96753980356421,0.04726988160937437,99.03634238162424,98.9054455285233,99.1812235634261,98.9516638153137,99.0191129292321,98.97687099969033,99.02699501047165,98.97621584589628,0.14053268326172486,98.96753980356421
2023-05-28,98.92794459455794,98.9603369729724,0.049149590307447075,99.02789974932863,98.9054455285233,99.17339281520603,98.95766687252753,99.01849692697078,98.96463939840723,99.02060466105787,98.96173447049478,0.14053268326172486,98.9603369729724
2023-05-29,98.90962241252213,98.94709470743773,0.048435743386225645,99.0191074025725,98.9054455285233,99.1325416118021,98.95100370572997,99.01776622553153,98.95088515193595,99.01344451599105,98.94610085310298,0.14053268326172486,98.94709470743773
2023-05-30,98.93742928365498,98.9516638153137,0.04525622702906119,99.01307468396772,98.9054455285233,99.1325416118021,98.9271285324922,99.01723064591901,98.9475211848657,99.00854030745325,98.94349938226857,0.1363557992629012,98.9516638153137
2023-05-31,98.96631095076015,98.95766687252753,0.04378296439594739,99.00903240752079,98.9054455285233,99.1325416118021,98.92765506230286,99.01689342939478,98.95221862633932,99.00581583282789,98.95034285281604,0.1363557992629012,98.95766687252753
2023-06-01,98.90792417382696,98.95100370572997,0.04770678859132463,99.00393046561052,98.9054455285233,99.1325416118021,98.92960110211753,99.01617652639763,98.94114501321123,98.99950024192461,98.9376172491193,0.1380540379580708,98.95100370572997
2023-06-02,98.87885199912053,98.9271285324922,0.03122811434299026,98.99629131351134,98.87885199912053,99.1325416118021,98.93218359506837,99.01527898046773,98.92557175968855,98.99171648432436,98.91998767411967,0.08745895163961848,98.9271285324922
2023-06-03,98.96550202167735,98.92765506230286,0.03193355777370408,98.99072332717384,98.87885199912053,99.10482707149524,98.92265875585606,99.01495575346259,98.93555432518575,98.99002522866972,98.93364197838697,0.08745895163961848,98.92765506230286
2023-06-04,98.94156687326064,98.92960110211753,0.03236628346235868,98.98804096334395,98.87885199912053,99.10482707149524,98.91222590457389,99.01448227681612,98.93705746220448,98.98689888315947,98.93601944684907,0.08745895163961848,98.92960110211753
2023-06-05,98.92769986317795,98.93218359506837,0.031206942640117967,98.98217605030192,98.87885199912053,99.10482707149524,98.91952739674151,99.01392597929281,98.93471806244784,98.98307959154776,98.93352357174773,0.08745895163961848,98.93218359506837
2023-06-06,98.8707554091689,98.92265875585606,0.038630916922580597,98.97437366155769,98.8707554091689,99.09193861142614,98.91603447172135,99.01301406483341,98.9187273991281,98.97583287010397,98.91469312297407,0.09555554159125279,98.92265875585606
2023-06-07,98.89328099178492,98.91222590457389,0.034519836457763055,98.9681792282102,98.8707554091689,99.09193861142614,98.89827298061331,99.01225626057361,98.91236579729231,98.9705069424705,98.90826948361732,0.09474661250845884,98.91222590457389
2023-06-08,98.95903461900026,98.91952739674151,0.038620122125942645,98.96561886887827,98.8707554091689,99.09193861142614,98.88001794539755,99.01192153326812,98.9240330027193,98.96976679256919,98.9234990242322,0.09474661250845884,98.91952739674151
2023-06-09,98.85440152397945,98.91603447172135,0.0436855633155045,98.95888204100024,98.85440152397945,99.09193861142614,98.85915118688135,99.01093703321007,98.90662513303434,98.96232387201502,98.90276977415637,0.11110049769790464,98.91603447172135
2023-06-10,98.84117158392104,98.89827298061331,0.04546003768814896,98.95364710910454,98.84117158392104,99.09193861142614,98.85038501085636,99.00988258942566,98.89026174575602,98.9545075953638,98.88429031708576,0.11786303507922469,98.89827298061331
2023-06-11,98.81378162675045,98.88001794539755,0.05054930550392933,98.94437520961534,98.81378162675045,99.05976841810735,98.83871942350322,99.00867208965606,98.87114171600463,98.94542850061455,98.86313770998515,0.1452529922498087,98.88001794539755
2023-06-12,98.78163255356439,98.85915118688135,0.057285196586491165,98.93950791079331,98.78163255356439,99.05976841810735,98.82892735826105,99.00727920906655,98.84876442539456,98.93486102015972,98.83868616305892,0.17740206543587078,98.85915118688135
2023-06-13,98.80939217699397,98.85038501085636,0.05985112458298398,98.93366082489165,98.78163255356439,99.05976841810735,98.82443307549475,99.0060725808222,98.83892136329442,98.9267662560845,98.82989796723943,0.17740206543587078,98.85038501085636
2023-06-14,98.81162188031307,98.83871942350322,0.05802708605288093,98.92742485509808,98.78163255356439,99.05976841810735,98.81395116753889,99.0048940917282,98.83209649254908,98.9193375866799,98.82441514116152,0.17740206543587078,98.83871942350322
2023-06-15,98.89049016230514,98.82892735826105,0.03590758422997105,98.9230906101884,98.78163255356439,99.05976841810735,98.81238255889498,99.00420491143046,98.8466949099881,98.9174764625267,98.8442376475046,0.1088576087407489,98.82892735826105
2023-06-16,98.82294154461522,98.82443307549475,0.03411166573247952,98.91656843147823,98.78163255356439,99.05976841810735,98.81954385671744,99.00311950204834,98.84075656864488,98.91137743556467,98.83784881663777,0.1088576087407489,98.82443307549475
2023-06-17,98.76779822823002,98.81395116753889,0.03902962535875189,98.90683609181565,98.76779822823002,99.04597821178503,98.81836077166034,99.00171878018038,98.82251698354116,98.90211426089793,98.81683364011543,0.12269193407512091,98.81395116753889
2023-06-18,98.802801366243,98.81238255889498,0.03925755877785846,98.90027953068899,98.76779822823002,99.04597821178503,98.80530525679798,99.0005417540624,98.81758807921662,98.89570697737182,98.8126239579537,0.12269193407512091,98.81238255889498
2023-06-19,98.8317616383217,98.81954385671744,0.037233345523562,98.89621653675664,98.76779822823002,99.04597821178503,98.79113273744302,98.99954892985215,98.82113146899289,98.89158147162665,98.81836526206409,0.12269193407512091,98.81954385671744
2023-06-20,98.80111058159426,98.81836077166034,0.037737830957043826,98.8903080758531,98.76779822823002,99.04597821178503,98.78490940122985,98.99838847167523,98.81612624714323,98.88574464001167,98.81318885792314,0.12269193407512091,98.81836077166034
2023-06-21,98.7202332762765,98.80530525679798,0.053127724600752546,98.88090524268682,98.7202332762765,99.04597821178503,98.78947258013343,98.99677129030663,98.79215300442655,98.87506648751263,98.78530218342914,0.1702568860286391,98.80530525679798
2023-06-22,98.79128252682038,98.79113273744302,0.0375709937389921,98.87709980929672,98.7202332762765,99.04597821178503,98.78661502101036,98.9955834939859,98.79193538502501,98.86966107069378,98.78709628644651,0.1115283620451919,98.79113273744302
2023-06-23,98.7793781911231,98.78490940122985,0.034939798638338355,98.87226943065872,98.7202332762765,99.04597821178503,98.77814344429223,98.99434093477404,98.78879608654954,98.863836368786,98.78478085784948,0.1115283620451919,98.78490940122985
2023-06-24,98.79974048055509,98.78947258013343,0.034414501870348314,98.86710856863024,98.7202332762765,99.04597821178503,98.75869772358364,98.99322893217851,98.79153218505093,98.85970115019046,98.78926874466116,0.1115283620451919,98.78947258013343
2023-06-25,98.78279845238148,98.78661502101036,0.033950639579165644,98.85833590998345,98.7202332762765,98.96631095076015,98.76306059555225,98.99203330445239,98.78934875188357,98.85473968581569,98.78732765697725,0.1115283620451919,98.78661502101036
2023-06-26,98.77246060129474,98.77814344429223,0.0276153122536391,98.85202405292652,98.7202332762765,98.96631095076015,98.75225444355412,98.99079278070573,98.78512671423636,98.84943135778208,98.78286754027249,0.08087730531775605,98.77814344429223
2023-06-27,98.66499053663419,98.75869772358364,0.048656571265139704,98.8432589176624,98.66499053663419,98.96631095076015,98.73366504921663,98.98896243101994,98.75509266983582,98.83753194996609,98.747504439181,0.13474994392089457,98.75869772358364
2023-06-28,98.75077338005674,98.76306059555225,0.04592532074768299,98.83796394991356,98.66499053663419,98.96631095076015,98.72009792657343,98.98763176593076,98.75401284739105,98.83193462287517,98.74848512144372,0.13474994392089457,98.76306059555225
2023-06-29,98.71563946283361,98.75225444355412,0.04706323138685659,98.83057095588619,98.66499053663419,98.96631095076015,98.71165542582534,98.9861206975802,98.74441950125168,98.8244317093241,98.73863142386068,0.13474994392089457,98.75225444355412
2023-06-30,98.64925243076055,98.73366504921663,0.05879972275435323,98.82000233855287,98.64925243076055,98.96550202167735,98.68914631851406,98.98425954693481,98.7206277336289,98.81312982038452,98.71181772593064,0.15048804979453223,98.73366504921663
2023-07-01,98.70477062205273,98.72009792657343,0.05151844645818584,98.81323055349371,98.64925243076055,98.96550202167735,98.68406285940354,98.98272389350137,98.71666345573486,98.80613890436312,98.70970359476726,0.13354602162092988,98.72009792657343
2023-07-02,98.72370094714486,98.71165542582534,0.04379421012198384,98.80805885176119,98.64925243076055,98.96550202167735,98.65788622022782,98.98130846756501,98.71842282858736,98.80082032647807,98.71390280048054,0.12320817053418409,98.71165542582534
2023-07-03,98.61489685011577,98.68914631851406,0.04765488828909535,98.79637201270913,98.61489685011577,98.95903461900026,98.6482887140661,98.97931710007887,98.69254133396947,98.78882526348697,98.6842010153711,0.13587652994097255,98.68914631851406
2023-07-04,98.62940632286052,98.68406285940354,0.05232973127811107,98.78596666102914,98.61489685011577,98.95903461900026,98.65712298819413,98.9774256904723,98.67675758119223,98.77854017054334,98.66776260761792,0.13587652994097255,98.68406285940354
2023-07-05,98.56753690582664,98.65788622022782,0.05882444768867313,98.77396122911743,98.56753690582664,98.95903461900026,98.64507454225308,98.97522198732904,98.64945241235084,98.76492705669065,98.63769489708054,0.15616404131822037,98.65788622022782
2023-07-06,98.6484569197016,98.6482887140661,0.05302606855834346,98.76655127946852,98.56753690582664,98.95903461900026,98.63495679396553,98.97347458055029,98.64920353918853,98.75741285430426,98.64092350386684,0.15616404131822037,98.6482887140661
2023-07-07,98.71109234965682,98.65712298819413,0.058120049292370246,98.76047832473091,98.56753690582664,98.95903461900026,98.62130696710301,98.97207893038595,98.66467574180561,98.7544244346496,98.66197415760384,0.15616404131822037,98.65712298819413
2023-07-08,98.62043150046541,98.64507454225308,0.05526821523375568,98.74919155411308,98.56753690582664,98.89049016230514,98.60974278640856,98.97021836197366,98.65361468147056,98.74577972921836,98.6495113604623,0.15616404131822037,98.64507454225308
2023-07-09,98.65287670913182,98.63495679396553,0.04376001626231914,98.74247406028482,98.56753690582664,98.89049016230514,98.61707801256397,98.96854814274819,98.65343018838587,98.73978598598697,98.65052096506315,0.1435554438301807,98.63495679396553
2023-07-10,98.51934806207824,98.62130696710301,0.062113320186261034,98.73174660955672,98.51934806207824,98.89049016230514,98.60967188315776,98.9661963098651,98.61990965680896,98.72556418444448,98.61116909416768,0.19174428757858664,98.62130696710301
2023-07-11,98.54845705799937,98.60974278640856,0.06764340942785978,98.72290245726504,98.51934806207824,98.89049016230514,98.58795064223764,98.96402058459496,98.60204650710656,98.71413791822222,98.59235548331718,0.19174428757858664,98.60974278640856
2023-07-12,98.61888348891456,98.61707801256397,0.06503763310768688,98.71747748844338,98.51934806207824,98.89049016230514,98.57346954425023,98.96223230948782,98.60625575255857,98.70799247117012,98.60031388499638,0.19174428757858664,98.61707801256397
2023-07-13,98.59661401385809,98.60967188315776,0.06380902036795968,98.7103848830055,98.51934806207824,98.89049016230514,98.54909181698413,98.96034767909798,98.60384531788344,98.70080676424676,98.59920392365488,0.19174428757858664,98.60967188315776
2023-07-14,98.55904366321602,98.58795064223764,0.047265149179435896,98.70196560910227,98.51934806207824,98.89049016230514,98.54542197935915,98.95828970978576,98.59264490421658,98.69166075772866,98.58715584552321,0.13352864705358058,98.58795064223764
2023-07-15,98.51906381455348,98.57346954425023,0.05103338686006067,98.68958473084389,98.51906381455348,98.8317616383217,98.5483291213721,98.9560487613407,98.57424963180081,98.6805254710722,98.56672823623228,0.133812894578341,98.57346954425023
2023-07-16,98.4822326182692,98.54909181698413,0.04740816239103104,98.67822776663235,98.4822326182692,98.8317616383217,98.52540539348186,98.95364360325404,98.5512453784179,98.66773238379459,98.54137955084335,0.13665087064536863,98.54909181698413
2023-07-17,98.4936591987033,98.54542197935915,0.05095588520798618,98.66908979898146,98.4822326182692,98.8317616383217,98.5148931417796,98.9513204496957,98.53684883348924,98.65650185572419,98.52706344520132,0.13665087064536863,98.54542197935915
2023-07-18,98.56880705209001,98.5483291213721,0.05173248983225791,98.6612899885097,98.4822326182692,98.8317616383217,98.51236091876629,98.94939827181828,98.54483838813944,98.65084412645747,98.53958652726793,0.13665087064536863,98.5483291213721
2023-07-19,98.45841739368298,98.52540539348186,0.05080226687772671,98.64884518035505,98.45841739368298,98.80111058159426,98.50742815591082,98.94694336742761,98.52323313952533,98.63842949853654,98.51523578719244,0.13819662017510836,98.52540539348186
2023-07-20,98.52302825194216,98.5148931417796,0.04009707606660171,98.63957576936667,98.45841739368298,98.79974048055509,98.51217683886092,98.9448343370023,98.52318191762954,98.63098425682078,98.51757352661735,0.11038965840702986,98.5148931417796
2023-07-21,98.54131810212293,98.51236091876629,0.037306786618656954,98.63361193022821,98.45841739368298,98.79974048055509,98.51255086919946,98.94283673187913,98.52771596375288,98.62519934361447,98.52469689926902,0.11038965840702986,98.51236091876629
2023-07-22,98.48453447456512,98.50742815591082,0.038535341151742626,98.62338699515304,98.45841739368298,98.79974048055509,98.49370021840204,98.94057908529138,98.51692059145594,98.61612419077258,98.51264817185785,0.11038965840702986,98.50742815591082
2023-07-23,98.51547339891991,98.51217683886092,0.036927622894406896,98.61459016874626,98.45841739368298,98.79974048055509,98.49085944953984,98.93849523388761,98.51655879332193,98.60963059129823,98.51349573997646,0.11038965840702986,98.51217683886092
2023-07-24,98.4962774110731,98.51255086919946,0.036721486698079654,98.60447473309686,98.45841739368298,98.78279845238148,98.4815563653403,98.93633807377631,98.51148844775972,98.60231748289661,98.50833024130544,0.11038965840702986,98.51255086919946
2023-07-25,98.43685249650807,98.49370021840204,0.03689819728705288,98.59294320123442,98.43685249650807,98.77246060129474,98.47082355538205,98.93391338650801,98.4928294599468,98.59164232248445,98.48688691786623,0.10446560561486251,98.49370021840204
2023-07-26,98.43853201164755,98.49085944953984,0.040642804448134756,98.58181224824618,98.43685249650807,98.75077338005674,98.44746798485309,98.93152023976957,98.479255097872,98.58176423791433,98.47238044600063,0.10446560561486251,98.49085944953984
2023-07-27,98.45790666254527,98.4815563653403,0.039488918305847207,98.57490945244321,98.43685249650807,98.75077338005674,98.43979778673952,98.92924325141752,98.47391798904032,98.5737734266002,98.46803831096402,0.10446560561486251,98.4815563653403
2023-07-28,98.46618843241538,98.47082355538205,0.029480512562549674,98.56542328752182,98.43685249650807,98.72370094714486,98.42170240285309,98.92702767812087,98.47198559988408,98.56683245923344,98.46748334739942,0.07862090241184205,98.47082355538205
2023-07-29,98.32104548086228,98.44746798485309,0.06277168590026257,98.55227015478945,98.32104548086228,98.72370094714486,98.40675894053223,98.92414204861011,98.43425057012863,98.5509752348224,98.42355198743827,0.19442791805762738,98.44746798485309
2023-07-30,98.46178201212504,98.43979778673952,0.055991128412156026,98.54602114083494,98.32104548086228,98.72370094714486,98.40482781981414,98.92195076881633,98.44113343062773,98.54522083335806,98.4350209948443,0.1752319302108134,98.43979778673952
2023-07-31,98.369609723868,98.42170240285309,0.05515788632644553,98.53484911089545,98.32104548086228,98.72370094714486,98.40548697841567,98.91934538652883,98.42325250393779,98.5338910843587,98.4153976135514,0.14514295155309753,98.42170240285309
2023-08-01,98.33224826026213,98.40675894053223,0.06385363911580233,98.52180068799936,98.32104548086228,98.71109234965682,98.39677115311399,98.91658906199238,98.40050144301887,98.52088186990086,98.39045280756461,0.14514295155309753,98.40675894053223
2023-08-02,98.42501416662097,98.40482781981414,0.06293031067623306,98.51547126521619,98.32104548086228,98.71109234965682,98.40160028355356,98.91429198304205,98.4066296239194,98.51469685678603,98.40082121528151,0.14514295155309753,98.40482781981414
2023-08-03,98.46252077275598,98.40548697841567,0.06359954907319508,98.50990841354606,98.32104548086228,98.71109234965682,98.3949755343065,98.91219072159886,98.42060241112854,98.51133065781636,98.41933108252384,0.14514295155309753,98.40548697841567
2023-08-04,98.40517765530365,98.39677115311399,0.057811598810512406,98.5044964385286,98.32104548086228,98.71109234965682,98.39455251919439,98.90984343888452,98.41674622217232,98.50448207700909,98.41508505435777,0.14147529189369834,98.39677115311399
2023-08-05,98.35484939393926,98.40160028355356,0.05149902699870537,98.4947095210032,98.32104548086228,98.71109234965682,98.39969186984058,98.90728586264053,98.40127201511406,98.49482835552071,98.39701435623222,0.1302725124938462,98.40160028355356
2023-08-06,98.41540876739548,98.3949755343065,0.04504538700935328,98.48485340159449,98.32104548086228,98.65287670913182,98.37742713958787,98.90502954568987,98.40480620318442,98.48970451112554,98.40253267958118,0.1302725124938462,98.3949755343065
2023-08-07,98.36664861808339,98.39455251919439,0.04533625957947987,98.47639397218177,98.32104548086228,98.65287670913182,98.3712991009493,98.90257118528984,98.39526680690916,98.48176542125185,98.39176746113183,0.1302725124938462,98.39455251919439
2023-08-08,98.36822371478536,98.39969186984058,0.03864098295206045,98.46690553903687,98.32104548086228,98.61888348891456,98.35643466202335,98.90014233315118,98.38850603387822,98.47444014986692,98.38470433722789,0.10767137881671829,98.39969186984058
2023-08-09,98.26916105485184,98.37742713958787,0.0603956411724777,98.45856597212932,98.26916105485184,98.61888348891456,98.35096656676626,98.89728721424486,98.35866978912162,98.46119633728532,98.35004135251506,0.1933597179041442,98.37742713958787
2023-08-10,98.41962450228615,98.3712991009493,0.05190154436664794,98.45427155360555,98.26916105485184,98.61888348891456,98.32667531720642,98.89513558040721,98.37390846741275,98.4585142834144,98.37091629744639,0.15046344743431916,98.3712991009493
2023-08-11,98.30112658282192,98.35643466202335,0.05536603484834173,98.4436796567358,98.26916105485184,98.59661401385809,98.3115730597871,98.89247186292924,98.35571299626504,98.44836023821489,98.34997938305904,0.15046344743431916,98.35643466202335
2023-08-12,98.31657272713962,98.35096656676626,0.05740143320881572,98.43434494717852,98.26916105485184,98.56880705209001,98.30351429770074,98.88990088464448,98.34592792898368,98.43985781814553,98.3399573862832,0.15046344743431916,98.35096656676626
2023-08-13,98.24537002047674,98.32667531720642,0.061423294897840965,98.42388915908721,98.24537002047674,98.56880705209001,98.31119108243183,98.88703630302595,98.32078845185694,98.42731021829593,98.31158117654125,0.17425448180941316,98.32667531720642
2023-08-14,98.26093281614801,98.3115730597871,0.0629346107015506,98.41528479247368,98.24537002047674,98.56880705209001,98.29429877038807,98.88426593361498,98.30582454292971,98.4165761923509,98.29638666842327,0.17425448180941316,98.3115730597871
2023-08-15,98.31181238018092,98.30351429770074,0.05788025913167479,98.40960411787076,98.24537002047674,98.56880705209001,98.28644728078311,98.88174411179368,98.30732150224252,98.40981723672704,98.30101438195055,0.17425448180941316,98.30351429770074
2023-08-16,98.32289854796949,98.31119108243183,0.0561008304758709,98.40391209617961,98.24537002047674,98.56880705209001,98.27354195412805,98.87929303475937,98.31121576367426,98.40420957938784,98.30757963175623,0.17425448180941316,98.31119108243183
2023-08-17,98.30137831797965,98.29429877038807,0.029509465831845716,98.3949978050426,98.24537002047674,98.54131810212293,98.28837720827612,98.87676938970793,98.30875640225061,98.39757530445829,98.30571923762325,0.07752852749274552,98.29429877038807
2023-08-18,98.24616615558729,98.28644728078311,0.03431097930179916,98.38792276377276,98.24537002047674,98.54131810212293,98.29408567146207,98.8740276365161,98.29310884058478,98.38780697227307,98.28785331301246,0.07752852749274552,98.28644728078311
2023-08-19,98.22623544055425,98.27354195412805,0.03789360279549082,98.37802967005982,98.22623544055425,98.54131810212293,98.28982726242089,98.87122334129549,98.27639049057714,98.37738300248476,98.26936795127499,0.09666310741523887,98.27354195412805
2023-08-20,98.34921679951326,98.28837720827612,0.044736230313359715,98.37162629330618,98.22623544055425,98.51547339891991,98.28113197333504,98.86897331309815,98.29459706781117,98.37556582809951,98.29332260574647,0.12298135895900941,98.28837720827612
2023-08-21,98.30089205844962,98.29408567146207,0.043172720491591494,98.36550487943565,98.22623544055425,98.51547339891991,98.28545633859436,98.86653519612541,98.29617081547079,98.37074816554146,98.2955934415574,0.12298135895900941,98.29408567146207
2023-08-22,98.28200351689266,98.28982726242089,0.04259911323797157,98.35772255003475,98.22623544055425,98.4962774110731,98.29188240896862,98.8640371974962,98.29262899082626,98.36502270433832,98.29151646415797,0.12298135895900941,98.28982726242089
2023-08-23,98.26203152436848,98.28113197333504,0.04090179998483548,98.34991435381126,98.22623544055425,98.46618843241538,98.29609794598365,98.86147547122758,98.28497962421181,98.3583781120822,98.28267098222112,0.12298135895900941,98.28113197333504
2023-08-24,98.33164887479494,98.28545633859436,0.04481235947326872,98.34640756642082,98.22623544055425,98.46618843241538,98.2773730748933,98.8592304432766,98.2966469368576,98.35665364516045,98.29736434999326,0.12298135895900941,98.28545633859436
2023-08-25,98.29114864820718,98.29188240896862,0.04132898219205626,98.34149478763948,98.22623544055425,98.46618843241538,98.26256506992732,98.85683347367716,98.295272364695,98.35242751632477,98.29549963945743,0.12298135895900941,98.29188240896862
2023-08-26,98.25574419965942,98.29609794598365,0.03444938087976416,98.33475603887662,98.22623544055425,98.46618843241538,98.24857619296536,98.8543078884922,98.2853903234361,98.34618988299152,98.28357300751802,0.09347259985383971,98.29609794598365
2023-08-27,98.21814270188082,98.2773730748933,0.036335522012116483,98.32648784785879,98.21814270188082,98.46252077275598,98.24317260915119,98.85164610946872,98.26857841804728,98.33792877453277,98.26394391582686,0.11350617291411425,98.2773730748933
2023-08-28,98.19723602368776,98.26256506992732,0.045194922779430755,98.32236086595297,98.19723602368776,98.46252077275598,98.22396737441515,98.84891940077796,98.2507428194574,98.32885182286536,98.24393154818513,0.1344128511071716,98.26256506992732
2023-08-29,98.18408137815881,98.24857619296536,0.05270594870411976,98.3131041781541,98.18408137815881,98.46252077275598,98.2126536756335,98.84616073678369,98.23407745913275,98.31951179417462,98.22597649717723,0.14756749663612823,98.24857619296536
2023-08-30,98.22420643766942,98.24317260915119,0.053034501626396884,98.30825740194747,98.18408137815881,98.46252077275598,98.21039871220557,98.84359067769644,98.23160970376692,98.31336306149687,98.22544547932488,0.14756749663612823,98.24317260915119
2023-08-31,98.19721223164268,98.22396737441515,0.0378117477471057,98.3037562009935,98.18408137815881,98.46252077275598,98.21263495005981,98.84093068409129,98.22301033573586,98.3058694595708,98.21697550502022,0.10706727004837546,98.22396737441515
2023-09-01,98.21195275673554,98.2126536756335,0.023499640546709697,98.29665415399732,98.18408137815881,98.46252077275598,98.21939468259598,98.83835290570048,98.22024594098579,98.2998103174524,98.21546868053481,0.07166282150060965,98.2126536756335
2023-09-02,98.23995945566392,98.21039871220557,0.01900270584573761,98.28923544342757,98.18408137815881,98.41962450228615,98.22242927556498,98.83591048345545,98.22517431965532,98.29594897153056,98.22281591307353,0.05587807750511331,98.21039871220557
2023-09-03,98.23379636686052,98.21263495005981,0.02089295146628892,98.28352273381282,98.18408137815881,98.41962450228615,98.21290528900326,98.83346286509529,98.22732983145661,98.29193912606799,98.22611004920962,0.05587807750511331,98.21263495005981
2023-09-04,98.24455415144092,98.21939468259598,0.022660329217656056,98.27984622572953,98.18408137815881,98.41962450228615,98.20779841528822,98.83107861929103,98.23163591145268,98.28888203093076,98.23164327987901,0.060472773282114645,98.21939468259598
2023-09-05,98.20532352894185,98.22242927556498,0.018108238157404817,98.27284338444775,98.18408137815881,98.41962450228615,98.21222328076581,98.82855541328156,98.22505781582498,98.28349115983471,98.22374735459786,0.047341919798242316,98.22242927556498
2023-09-06,98.15753853173732,98.21290528900326,0.030386827804576518,98.2658730482362,98.15753853173732,98.41962450228615,98.20803328204465,98.82586056636772,98.20817799480307,98.27536518382843,98.20388470773969,0.08701561970360672,98.21290528900326
2023-09-07,98.16146411563736,98.20779841528822,0.035957189772684334,98.25898106159795,98.15753853173732,98.41962450228615,98.1935704102028,98.8232029805648,98.19649952501163,98.2680167278161,98.19115853010898,0.08701561970360672,98.20779841528822
2023-09-08,98.24292681507892,98.21222328076581,0.03837795994149745,98.25810658693885,98.15753853173732,98.41962450228615,98.17933556104128,98.82089112333179,98.20810634752846,98.26639802376855,98.20668901559995,0.08701561970360672,98.21222328076581
2023-09-09,98.21062946461565,98.20803328204465,0.0363949609208499,98.25114008568316,98.15753853173732,98.34921679951326,98.18860337892693,98.81846945008292,98.20873712680026,98.2628000522103,98.20787115030465,0.08701561970360672,98.20803328204465
2023-09-10,98.13255626396754,98.1935704102028,0.04381091981030357,98.2455210750547,98.13255626396754,98.34921679951326,98.19266591895165,98.81575833077021,98.18969191109208,98.25439722716239,98.18527668440352,0.11199788747337891,98.1935704102028
2023-09-11,98.14491020731035,98.17933556104128,0.040551278500341896,98.23979899106037,98.13255626396754,98.34921679951326,98.19554200360719,98.81311719642586,98.17849648514665,98.24733354846227,98.17316674127557,0.11037055111137306,98.17933556104128
2023-09-12,98.27019825414138,98.18860337892693,0.052987175353025856,98.2406265988492,98.13255626396754,98.34921679951326,98.17780188876175,98.81098810253457,98.20142192739533,98.24880869076415,98.2022761951353,0.13764199017383305,98.18860337892693
2023-09-13,98.18597631191037,98.19266591895165,0.051270835831861525,98.23812804870794,98.13255626396754,98.34921679951326,98.17429126394087,98.80854665022744,98.19756052352409,98.24475498890263,98.19738623016781,0.13764199017383305,98.19266591895165
2023-09-14,98.18159670822615,98.19554200360719,0.04977158408970229,98.23378752630944,98.13255626396754,98.34921679951326,98.1758293622952,98.8061071562897,98.1935695696996,98.24068026111705,98.1926493735853,0.13764199017383305,98.19554200360719
2023-09-15,98.1187460111607,98.17780188876175,0.052141771276797484,98.22698244174917,98.1187460111607,98.34921679951326,98.17217573405163,98.80344296580469,98.17486368006487,98.23281353531343,98.17047836485791,0.15145224298068172,98.17780188876175
2023-09-16,98.18605509086974,98.17429126394087,0.05036000409294582,98.22313833417883,98.1187460111607,98.34921679951326,98.15106289021296,98.80105922883583,98.1776615327661,98.22979686147835,98.17515138266145,0.15145224298068172,98.17429126394087
2023-09-17,98.14332295244776,98.1758293622952,0.04901946202203509,98.2197102274075,98.1187460111607,98.34921679951326,98.15565611446881,98.79852947392665,98.16907688768651,98.2242178996054,98.16560285359733,0.15145224298068172,98.1758293622952
2023-09-18,98.11933480960545,98.17217573405163,0.05253513631341933,98.21614687304255,98.1187460111607,98.34921679951326,98.15588955106361,98.79592719551928,98.15664136816625,98.21745124863767,98.15172244039977,0.15145224298068172,98.17217573405163
2023-09-19,98.12240834727048,98.15106289021296,0.03242364467066458,98.20858659130113,98.1187460111607,98.33164887479494,98.16185300400954,98.79335651289239,98.1480831129423,98.21131944854947,98.14292821246097,0.06730907970904809,98.15106289021296
2023-09-20,98.21812888170139,98.15565611446881,0.03966310762458147,98.20582781874285,98.1187460111607,98.33164887479494,98.16605588539197,98.79116933558747,98.16559455513207,98.21175876681734,98.16548841323309,0.09938287054069406,98.15565611446881
2023-09-21,98.18323076438973,98.15588955106361,0.0398456147815259,98.20253539365942,98.1187460111607,98.33164887479494,98.16500407364535,98.78886653796931,98.17000360744649,98.2099182505317,98.17081111858008,0.09938287054069406,98.15588955106361
2023-09-22,98.16049018178224,98.16185300400954,0.0363286433206954,98.19915068223987,98.1187460111607,98.33164887479494,98.16333840104187,98.78649530643652,98.16762525103043,98.20672934287045,98.16771483754071,0.09879407209594149,98.16185300400954
2023-09-23,98.21547526054668,98.16605588539197,0.04099710936452685,98.19527822843159,98.1187460111607,98.29114864820718,98.1718332622578,98.78434861453468,98.17958775340949,98.20729359562375,98.1820429644425,0.09879407209594149,98.16605588539197
2023-09-24,98.1359602702214,98.16500407364535,0.04176480478839558,98.19010528249873,98.1187460111607,98.27019825414138,98.17005968684391,98.78192019376945,98.16868088261248,98.20269144559781,98.16821815617617,0.09879407209594149,98.16500407364535
2023-09-25,98.1076751013811,98.16333840104187,0.044059243525902625,98.18516964588945,98.1076751013811,98.27019825414138,98.16226165282036,98.7794043538725,98.15342943730464,98.19656135887415,98.15005523973764,0.11045378032028452,98.16333840104187
2023-09-26,98.18187237578202,98.1718332622578,0.040435961488206974,98.18396063501952,98.1076751013811,98.27019825414138,98.1671257904155,98.77718304540376,98.16054017192398,98.19561368254563,98.15960038055096,0.11045378032028452,98.1718332622578
2023-09-27,98.20571385380417,98.17005968684391,0.03828183425698903,98.18424322935672,98.1076751013811,98.27019825414138,98.14942160021243,98.77506649284227,98.17183359239402,98.19626530649779,98.17343442252691,0.10780015916557772,98.17005968684391
2023-09-28,98.12864452622485,98.16226165282036,0.04063878670150869,98.18239533429225,98.1076751013811,98.27019825414138,98.14430590863276,98.77268117193223,98.16103632585173,98.19190267551245,98.15999745363628,0.10780015916557772,98.16226165282036
2023-09-29,98.19453914494827,98.1671257904155,0.042391322724600236,98.1814064245349,98.1076751013811,98.27019825414138,98.15149899913347,98.77055564977421,98.16941203062586,98.19207277031477,98.17035996102987,0.10780015916557772,98.1671257904155
2023-09-30,98.09154592912525,98.14942160021243,0.044651840517290126,98.17788421445097,98.09154592912525,98.27019825414138,98.1486749870481,98.76806843468027,98.14994550525071,98.18558716765739,98.14671575145847,0.11416792467892378,98.14942160021243
2023-10-01,98.10015042916365,98.14430590863276,0.04834937083097161,98.17415747019855,98.09154592912525,98.27019825414138,98.14204999406925,98.76563077772583,98.13749673622894,98.18007512001263,98.13274615477002,0.11416792467892378,98.14430590863276
2023-10-02,98.15802673488606,98.15149899913347,0.04566222204956141,98.17142637950597,98.09154592912525,98.27019825414138,98.14863951482127,98.76342130847912,98.14262923589322,98.17865264355287,98.14033032880482,0.11416792467892378,98.15149899913347
2023-10-03,98.16210429118436,98.1486749870481,0.04405363404544126,98.1690366436501,98.09154592912525,98.27019825414138,98.13705804077527,98.76124262363386,98.14749799971601,98.17758500791619,98.14686251751868,0.11416792467892378,98.1486749870481
2023-10-04,98.15933890295237,98.14204999406925,0.03696256911493272,98.16619613536714,98.09154592912525,98.27019825414138,98.15148405269495,98.75906968601407,98.1504582255251,98.17640783985402,98.15060543314878,0.10299321582301957,98.14204999406925
2023-10-05,98.17477117148889,98.14863951482127,0.03826313606871533,98.16517772345205,98.09154592912525,98.27019825414138,98.16398996374528,98.75696789279635,98.15653646201605,98.1763022483466,98.1578551546508,0.10299321582301957,98.14863951482127
2023-10-06,98.11346882662635,98.13705804077527,0.03409714789055929,98.1637087332817,98.09154592912525,98.27019825414138,98.16636296302862,98.75466144453051,98.14576955316862,98.17224847920336,98.14453925624346,0.08322524236363904,98.13705804077527
2023-10-07,98.19252801256296,98.15148405269495,0.03297597531936431,98.16474419651254,98.09154592912525,98.27019825414138,98.1550663401281,98.75265382513064,98.1574591680172,98.17355683619431,98.1589358831393,0.0923775833993119,98.15148405269495
2023-10-08,98.18769180651601,98.16398996374528,0.026158381522045977,98.16290302956045,98.09154592912525,98.27019825414138,98.15755409164156,98.75064328413912,98.1650173276419,98.17446876976345,98.16756266015231,0.07905918593661454,98.16398996374528
2023-10-09,98.17463772986946,98.16636296302862,0.026280418847933744,98.1617033050689,98.09154592912525,98.27019825414138,98.1611195528824,98.74860071125163,98.16742242819879,98.17447967041545,98.16968518106745,0.07905918593661454,98.16636296302862
2023-10-10,98.08302793088068,98.1550663401281,0.04118506598968449,98.16005236063266,98.08302793088068,98.27019825414138,98.159769892083,98.74624886397118,98.14632380386927,98.1685795581874,98.14368800601142,0.10950008168228464,98.1550663401281
2023-10-11,98.1767531635465,98.15755409164156,0.04200396633493029,98.16111379250721,98.08302793088068,98.27019825414138,98.16515455142401,98.74424359742038,98.15393114378857,98.16910688756542,98.15360755327194,0.10950008168228464,98.15755409164156
2023-10-12,98.19972940017476,98.1611195528824,0.04468284596572961,98.15876483070832,98.08302793088068,98.21812888170139,98.16303618773965,98.7423330212897,98.16538070788512,98.17108253354021,98.16744410734277,0.11670146929408531,98.1611195528824
2023-10-13,98.10402120103072,98.159769892083,0.04646902072548982,98.156032993679,98.08302793088068,98.21812888170139,98.161910994808,98.74010116177831,98.15004083117152,98.16675599595897,98.14841723544916,0.11670146929408531,98.159769892083
2023-10-14,98.23022062794995,98.16515455142401,0.052667936413608306,98.15765379100314,98.08302793088068,98.23022062794995,98.17495734151348,98.73832457455242,98.17008578036612,98.17085048834548,98.17295825319938,0.14719269706927207,98.16515455142401
2023-10-15,98.17286326072552,98.16303618773965,0.05190303978818452,98.15945769932196,98.08302793088068,98.23022062794995,98.1797947674171,98.73636116721273,98.17078015045597,98.17098034462806,98.17292975545722,0.14719269706927207,98.16303618773965
2023-10-16,98.16676137934792,98.161910994808,0.05169457111134612,98.15881457560457,98.08302793088068,98.23022062794995,98.1851345708378,98.73439023369072,98.16977545767895,98.17070815331967,98.17107924262443,0.14719269706927207,98.161910994808
2023-10-17,98.17435235781893,98.17495734151348,0.03824214886053001,98.15984888911694,98.08302793088068,98.23022062794995,98.19024194589858,98.73245906860151,98.17091968271394,98.17094326328737,98.17206117718277,0.12619942691922859,98.17495734151348
2023-10-18,98.21061514487207,98.1797947674171,0.040577540657372124,98.16289156695916,98.08302793088068,98.23022062794995,98.1990919704039,98.73066579051309,98.18084354825348,98.17350273951864,98.18362736748955,0.12619942691922859,98.1797947674171
2023-10-19,98.23710802411955,98.1851345708378,0.04576579170345862,98.16671488952079,98.08302793088068,98.23710802411955,98.19531411883226,98.72897552418983,98.19490966722,98.1776063062671,98.19967156447855,0.13308682308883135,98.1851345708378
2023-10-20,98.13977282645615,98.19024194589858,0.03620027226711039,98.16410302101261,98.08302793088068,98.23710802411955,98.19642667950849,98.72696459348083,98.18112545702904,98.17516543660187,98.18170194307183,0.09733519766339782,98.19024194589858
2023-10-21,98.29217079948715,98.1990919704039,0.05181006001475165,98.16773435551588,98.08302793088068,98.29217079948715,98.20412666578711,98.72548570302507,98.20888679264357,98.18271416969125,98.21484259999642,0.15239797303100033,98.1990919704039
2023-10-22,98.14641829972399,98.19531411883226,0.05491259592359674,98.16726529278058,98.08302793088068,98.29217079948715,98.20992113042702,98.7235227626749,98.19326966941367,98.18037250066111,98.19431530991469,0.15239797303100033,98.19531411883226
2023-10-23,98.17454930408155,98.19642667950849,0.0543133089999945,98.16590109423174,98.08302793088068,98.29217079948715,98.19799554976852,98.72166812261207,98.18858957808064,98.1799968105592,98.18838550816474,0.15239797303100033,98.19642667950849
2023-10-24,98.22825226176928,98.20412666578711,0.05448268332618989,98.16897749395001,98.08302793088068,98.29217079948715,98.20302623159974,98.7200067897473,98.1985052490028,98.18311006547599,98.2003455342461,0.15239797303100033,98.20412666578711
2023-10-25,98.25117639735139,98.20992113042702,0.0573682880325764,98.17376087048235,98.08302793088068,98.29217079948715,98.1949225362252,98.71843353339698,98.21167303608995,98.18750144172601,98.21559479317767,0.15239797303100033,98.20992113042702
2023-10-26,98.1536289595101,98.19799554976852,0.05941502030955659,98.17281942327328,98.08302793088068,98.29217079948715,98.20043087481714,98.716544554889,98.19716201694499,98.18531612029274,98.1970050430774,0.15239797303100033,98.19799554976852
2023-10-27,98.17498759927466,98.20302623159974,0.05498968659140866,98.17179521478899,98.08302793088068,98.29217079948715,98.21069382644569,98.71473936503693,98.1916184125274,98.18464976409803,98.19039980993657,0.1457524997631623,98.20302623159974
2023-10-28,98.23544493186542,98.1949225362252,0.04240228527751706,98.17535522831034,98.08302793088068,98.29217079948715,98.20340530526505,98.7131470247274,98.2025750423619,98.18792687169592,98.20391334651521,0.1047580976273963,98.1949225362252
2023-10-29,98.18497666986768,98.20043087481714,0.03724153040462979,98.17503647914097,98.08302793088068,98.29217079948715,98.1948538396407,98.7113981162676,98.19817544923835,98.1877365360941,98.19823234352094,0.0975474378412855,98.20043087481714
2023-10-30,98.24638996548137,98.21069382644569,0.03878718559721381,98.18019794701951,98.08302793088068,98.29217079948715,98.20526778180735,98.70986343590197,98.21022907829911,98.19152062831265,98.21267963010906,0.0975474378412855,98.21069382644569
2023-10-31,98.17723261350473,98.20340530526505,0.03972021091915065,98.18276735316422,98.08302793088068,98.29217079948715,98.21473421590106,98.7081113608283,98.20197996210051,98.19059882090569,98.20204552512776,0.0975474378412855,98.20340530526505
2023-11-01,98.19131613798096,98.1948538396407,0.03371040568576007,98.18387699993404,98.08302793088068,98.29217079948715,98.22065058498433,98.70641695026158,98.19931400607062,98.19064509942669,98.19882670898372,0.09276100597126913,98.1948538396407
2023-11-02,98.22652655467671,98.20526778180735,0.02989667625010254,98.18602440871713,98.08302793088068,98.29217079948715,98.22812224120649,98.70484868099496,98.20611714322214,98.19296003202346,98.20713666269161,0.07140236620671203,98.20526778180735
2023-11-03,98.24125263793051,98.21473421590106,0.029193590334385535,98.18875486654974,98.08302793088068,98.29217079948715,98.22350459167819,98.70333859616413,98.21490101689923,98.19607568401747,98.21737145526328,0.06915735197664219,98.21473421590106
2023-11-04,98.27685951544827,98.22065058498433,0.037191373161544417,98.19215781134837,98.08302793088068,98.29217079948715,98.23345808058602,98.70195392382415,98.23039064153649,98.20128754410979,98.23521787331876,0.0996269019435374,98.22065058498433
2023-11-05,98.23727826342284,98.22812224120649,0.03394176721348621,98.19628479257493,98.08302793088068,98.29217079948715,98.2499697417804,98.70045011909792,98.23211254700807,98.20360952600096,98.23583599034997,0.0996269019435374,98.22812224120649
2023-11-06,98.21406641878337,98.22350459167819,0.03323366504285752,98.19700273944893,98.08302793088068,98.29217079948715,98.2593101521895,98.6988811394195,98.2276010149519,98.204284164245,98.22930511887998,0.0996269019435374,98.22350459167819
2023-11-07,98.2469070358595,98.23345808058602,0.026894651861794974,98.19897658042706,98.08302793088068,98.29217079948715,98.26145304852719,98.697427846482,98.2324275201788,98.2070340269298,98.23458569397383,0.08554337746730312,98.23345808058602
2023-11-08,98.30689776634162,98.2499697417804,0.03175146511630031,98.20338524830946,98.08302793088068,98.30689776634162,98.27107137826553,98.6961761475072,98.25104508171951,98.21347684882734,98.25627931568415,0.09283134755824562,98.2499697417804
2023-11-09,98.29190942754032,98.2593101521895,0.033285593920873706,98.21034796486478,98.10402120103072,98.30689776634162,98.27588507898936,98.69488456054245,98.26126116817471,98.21853701519592,98.266968349241,0.09283134755824562,98.2593101521895
2023-11-10,98.25625291229434,98.26145304852719,0.0324003946415247,98.21299795648972,98.10402120103072,98.30689776634162,98.28136454690024,98.69348764446522,98.26000910420461,98.22097029887969,98.26375371815699,0.09283134755824562,98.26145304852719
2023-11-11,98.34418782361678,98.27107137826553,0.04520105337086968,98.2178132372711,98.10402120103072,98.34418782361678,98.29331217122021,98.69237875614508,98.28105378405766,98.22891981660467,98.28788394979492,0.13012140483340318,98.27107137826553
2023-11-12,98.27097416848954,98.27588507898936,0.0427290771243322,98.22337833618641,98.13977282645615,98.34418782361678,98.2953049543426,98.69104519732338,98.27853388016564,98.23163300059726,98.2828110154033,0.13012140483340318,98.27588507898936
2023-11-13,98.25242269415945,98.28136454690024,0.03529260773290135,98.22411840506005,98.13977282645615,98.34418782361678,98.29493893478447,98.68966153012097,98.2720060836641,98.23297427114966,98.27369451903014,0.09728078775728477,98.28136454690024
2023-11-14,98.33054040609939,98.29331217122021,0.03583558272666789,98.22937430990585,98.13977282645615,98.34418782361678,98.29513631827227,98.6885322184102,98.28663966427291,98.23926886050126,98.29074828515091,0.09176512945732895,98.29331217122021
2023-11-15,98.32084724819839,98.2953049543426,0.03708312220211699,98.2345105055342,98.13977282645615,98.34418782361678,98.29272977360897,98.68737960094872,98.29519156025428,98.24453198228817,98.29977797406515,0.09176512945732895,98.2953049543426
2023-11-16,98.28934729063337,98.29493893478447,0.03713483107975384,98.23834366996134,98.13977282645615,98.34418782361678,98.30711076181605,98.686135749979,98.29373049284905,98.247423292504,98.29664876903561,0.09176512945732895,98.29493893478447
2023-11-17,98.25763459670893,98.29513631827227,0.03689784695026269,98.23991098502258,98.13977282645615,98.34418782361678,98.31410338331146,98.68480085542052,98.28470651881402,98.24808208632368,98.2849445173376,0.09176512945732895,98.29513631827227
2023-11-18,98.32734201097374,98.29272977360897,0.03356417465763948,98.24291878458439,98.13977282645615,98.34418782361678,98.32847209903241,98.6836907347856,98.29536539185395,98.25319562984949,98.29766376542844,0.07811771193993877,98.29272977360897
2023-11-19,98.37164108593916,98.30711076181605,0.04294438657454601,98.25064772656715,98.14641829972399,98.37164108593916,98.331802328049,98.68272463680155,98.31443431537525,98.26083727217785,98.31985696158165,0.11921839177971094,98.30711076181605
2023-11-20,98.30137104462729,98.31410338331146,0.03597500139296008,98.25095440140515,98.14641829972399,98.37164108593916,98.34085160450168,98.68154761954175,98.31116849768826,98.26345235427137,98.31431118649533,0.11400648923023482,98.31410338331146
2023-11-21,98.43112141614593,98.32847209903241,0.05736292167912944,98.26044450528589,98.1536289595101,98.43112141614593,98.3440333884279,98.68077707737746,98.34115672730267,98.27426971310199,98.34935425539051,0.17348681943700228,98.32847209903241
2023-11-22,98.34415885131453,98.331802328049,0.05752293973016343,98.26609815686032,98.1536289595101,98.43112141614593,98.34190764371286,98.67974450613185,98.34190725830564,98.27877868976087,98.34779563416771,0.17348681943700228,98.331802328049
2023-11-23,98.35269222580214,98.34085160450168,0.05464135089711543,98.27024615566141,98.1536289595101,98.43112141614593,98.34537164946096,98.67874434625318,98.34460350017977,98.28354730498934,98.34926461165803,0.17348681943700228,98.34085160450168
2023-11-24,98.27990708419256,98.3440333884279,0.04938346770298824,98.27120384522279,98.1536289595101,98.43112141614593,98.34675077874935,98.6775283789908,98.32842939618297,98.28331245203472,98.32845735341839,0.1512143319533692,98.3440333884279
2023-11-25,98.31246179796834,98.34190764371286,0.05052869317345548,98.2764982731714,98.17498759927466,98.43112141614593,98.34386326372237,98.67641875412447,98.32443749662932,98.28519305499819,98.32365868678336,0.1512143319533692,98.34190764371286
2023-11-26,98.39588912617592,98.34537164946096,0.05364205519682213,98.28386165740143,98.17723261350473,98.43112141614593,98.34524948520699,98.6755686643428,98.34230040401596,98.29233473700965,98.34532781860112,0.1512143319533692,98.34537164946096
2023-11-27,98.31102494964604,98.34675077874935,0.05243273324575711,98.28638099132745,98.17723261350473,98.43112141614593,98.34890162822772,98.67446732381502,98.33448154042348,98.29354055717975,98.3350369579146,0.1512143319533692,98.34675077874935
2023-11-28,98.41090881095708,98.34386326372237,0.047319188381611636,98.2939120626971,98.17723261350473,98.43112141614593,98.36125262604693,98.67367347287268,98.35358835805688,98.30111270258475,98.35779851382733,0.1310017267645236,98.34386326372237
2023-11-29,98.35386240170692,98.34524948520699,0.04747118012181587,98.29749447723796,98.17723261350473,98.43112141614593,98.37460301311054,98.67271307926556,98.3536568689694,98.30451590897972,98.3566176801912,0.1310017267645236,98.34524948520699
2023-11-30,98.37825722694724,98.34890162822772,0.049094852479104494,98.30419529768604,98.19131613798096,98.43112141614593,98.38445791326069,98.67183147491731,98.35980695846385,98.30927341336474,98.363109544218,0.1310017267645236,98.34890162822772
2023-12-01,98.36636406892698,98.36125262604693,0.03859768330339641,98.31003022871757,98.21406641878337,98.43112141614593,98.40740687269965,98.67091963191436,98.36144623607963,98.31295668146554,98.36408590163069,0.09988386131104221,98.36125262604693
2023-12-02,98.40591450741367,98.37460301311054,0.03489316035591451,98.31600982714214,98.21406641878337,98.43112141614593,98.40230466212417,98.67013092618667,98.37256330391314,98.31895396055897,98.37663448336558,0.09988386131104221,98.37460301311054
2023-12-03,98.46487342722696,98.38445791326069,0.04885524791716804,98.32346385345201,98.21406641878337,98.46487342722696,98.42972849804694,98.66952185348946,98.3956408347416,98.32836811969885,98.40310616652398,0.15384847758092235,98.38445791326069
2023-12-04,98.4716676657188,98.40740687269965,0.04627376704205726,98.32995745846104,98.21406641878337,98.4716676657188,98.44991171397473,98.66893648607002,98.4146475424859,98.33761325170015,98.42367461628243,0.11780526401187785,98.40740687269965
2023-12-05,98.37519333692859,98.40230466212417,0.04776817201091485,98.3345546275779,98.21406641878337,98.4716676657188,98.45589023984927,98.668069987105,98.40478399109656,98.3400377733278,98.40913023247627,0.11780526401187785,98.40230466212417
2023-12-06,98.54582925316636,98.42972849804694,0.06668205374023121,98.34561338872399,98.2469070358595,98.54582925316636,98.45838794993497,98.6677104555346,98.44004530661401,98.3533146429948,98.4501399386833,0.17946518423937619,98.42972849804694
2023-12-07,98.51953973844171,98.44991171397473,0.06981428872663678,98.35470114547674,98.25242269415945,98.54582925316636,98.45692505502157,98.66727593730265,98.45991891457093,98.36403884270106,98.47095987861081,0.17946518423937619,98.44991171397473
2023-12-08,98.40821375004879,98.45589023984927,0.0629186263671364,98.35807834493363,98.25242269415945,98.54582925316636,98.45607825270395,98.66651844552706,98.4469926234404,98.3668888367235,98.4521360400422,0.17063591623777086,98.45589023984927
2023-12-09,98.42339847801364,98.45838794993497,0.06091933481877304,98.36246131328275,98.25242269415945,98.54582925316636,98.48984720087546,98.66580964095705,98.44109408708371,98.37053462003254,98.44351477143363,0.17063591623777086,98.45838794993497
2023-12-10,98.45463316283318,98.45692505502157,0.060860562912762185,98.36907398830071,98.25242269415945,98.54582925316636,98.48468185877434,98.66519575584621,98.44447885602108,98.3759603324713,98.44685028885348,0.17063591623777086,98.45692505502157
2023-12-11,98.46574004949534,98.45607825270395,0.06066216386210166,98.37312572916333,98.25242269415945,98.54582925316636,98.48524698364042,98.66461762336405,98.44979415438965,98.3817525722793,98.45251721704604,0.17063591623777086,98.45607825270395
2023-12-12,98.61157597412915,98.48984720087546,0.07272570326327467,98.38447912268465,98.25242269415945,98.61157597412915,98.49313711136571,98.66446432379979,98.49023960932453,98.39657988852768,98.50023484417096,0.2033622240803652,98.48984720087546
2023-12-13,98.50967185845842,98.48468185877434,0.06928976481324205,98.39305409482796,98.25763459670893,98.61157597412915,98.51424802183124,98.66401823600343,98.49509767160801,98.40387614465226,98.50306594845719,0.2033622240803652,98.48468185877434
2023-12-14,98.52349561250439,98.48524698364042,0.06963671108948187,98.39948593504144,98.25763459670893,98.61157597412915,98.52246891023017,98.66361443536117,98.5021971568321,98.41159352967499,98.50919484767134,0.2033622240803652,98.48524698364042
2023-12-15,98.46344464412587,98.49313711136571,0.06218396539066899,98.40423918157236,98.25763459670893,98.61157597412915,98.53384214944825,98.66304088295075,98.49250902865555,98.41493876286538,98.49546978660769,0.1881774961155145,98.49313711136571
2023-12-16,98.57117485127226,98.51424802183124,0.05959277276288292,98.41363343359367,98.25763459670893,98.61157597412915,98.52719983550277,98.66277840857454,98.51217548430972,98.42501851050453,98.51818130600705,0.15694281129597698,98.51424802183124
2023-12-17,98.51217938162574,98.52246891023017,0.053673485399985635,98.42211825975755,98.27990708419256,98.61157597412915,98.54358469083647,98.66234935151769,98.51217645863872,98.43064179251236,98.51638072869265,0.14813133000328094,98.52246891023017
2023-12-18,98.54535272402185,98.53384214944825,0.04775826195734201,98.42938528352582,98.27990708419256,98.61157597412915,98.55686948684813,98.66201697473504,98.5204705249845,98.43804249777105,98.52507232729141,0.14813133000328094,98.53384214944825
2023-12-19,98.56507977651097,98.52719983550277,0.03721448869782099,98.43583323987824,98.27990708419256,98.61157597412915,98.56847831839984,98.66174236510835,98.53162283786612,98.44623845123814,98.53707456205727,0.10773020714638903,98.52719983550277
2023-12-20,98.62436584579423,98.54358469083647,0.050931765138630326,98.44659973325045,98.27990708419256,98.62436584579423,98.56937571132298,98.66163678172045,98.55480858984815,98.45773054120951,98.56326194717835,0.16092120166835855,98.54358469083647
2023-12-21,98.61648918458604,98.55686948684813,0.05662796968811892,98.45277865886513,98.27990708419256,98.62436584579423,98.5817319993195,98.6615096053905,98.57022873853262,98.46797303433058,98.57923011840064,0.16092120166835855,98.55686948684813
2023-12-22,98.54470646498783,98.56847831839984,0.04024248331289982,98.45946357932091,98.27990708419256,98.62436584579423,98.58895023915822,98.6611815066815,98.56384817014643,98.47292357824396,98.56887302237679,0.11218646416848799,98.56847831839984
2023-12-23,98.57745660173421,98.56937571132298,0.04038243401700444,98.4669557251853,98.27990708419256,98.62436584579423,98.59663743137034,98.66094698313823,98.56725027804337,98.4796676442756,98.57144809618401,0.11218646416848799,98.56937571132298
2023-12-24,98.59867339760143,98.5817319993195,0.03241047974012563,98.47758126896561,98.31102494964604,98.62436584579423,98.6042694524203,98.66077303457529,98.57510605793289,98.48734543481275,98.57961568660923,0.07965938080640456,98.5817319993195
2023-12-25,98.59588040289277,98.58895023915822,0.02832737171544156,98.48702855579641,98.31102494964604,98.62436584579423,98.61621827133364,98.66059227515555,98.58029964417285,98.49434769081792,98.58449510149428,0.07965938080640456,98.58895023915822
2023-12-26,98.6188901219959,98.59663743137034,0.028070111798965652,98.49446192232375,98.31102494964604,98.62436584579423,98.63062548798499,98.66047643584122,98.58994726362862,98.5023826863778,98.59481360764477,0.07965938080640456,98.59663743137034
2023-12-27,98.67778999314385,98.6042694524203,0.04110297263630094,98.50668742377367,98.35386240170692,98.67778999314385,98.64312979002067,98.66052439583376,98.61190794600742,98.51369928681433,98.61970652329448,0.1330835281560212,98.6042694524203
2023-12-28,98.70013091697949,98.61621827133364,0.055041506726782395,98.51632816064108,98.35386240170692,98.70013091697949,98.64854106797893,98.66063380611317,98.63396368875044,98.52572713392176,98.64383384139998,0.15542445199166366,98.61621827133364
2023-12-29,98.6455569815473,98.63062548798499,0.045591028001199185,98.52605131330242,98.36636406892698,98.70013091697949,98.6573178454933,98.66059227216118,98.63686201194966,98.5334580918331,98.64435078344417,0.12267431524527694,98.63062548798499
2023-12-30,98.6649867159838,98.64312979002067,0.04027098116490198,98.53560896293699,98.36636406892698,98.70013091697949,98.66500339019277,98.66060434480906,98.6438931879582,98.54194380952025,98.65054156320605,0.10425051408671493,98.64312979002067
2023-12-31,98.63655234330939,98.64854106797893,0.0355725315803931,98.54461523874973,98.37519333692859,98.70013091697949,98.66180673945499,98.66053844891452,98.642057976796,98.54804758589374,98.64634479723705,0.10425051408671493,98.64854106797893
